source_id,company_id,company_name,source_url,source_type,facts_supported,source_priority,verified_as_of,notes
SRC-0001,OC-001,Aboard RV,https://www.ocbj.com/automobiles/rv-startup-aboard-up-to-13m-in-financing/,Secondary / directory / press,"location, sector/profile, status, founded, employee size",Primary,2026-09-30,
SRC-0002,OC-001,Aboard RV,https://www.aboardrv.com/,Company / official,"location, sector/profile, status, founded, employee size",Secondary,2026-09-30,
SRC-0003,OC-002,AC Future,https://acfuture.com/contact.html,Company / official,"location, sector/profile, status",Primary,2026-09-30,
SRC-0004,OC-002,AC Future,https://www.linkedin.com/company/acfuture,LinkedIn / company profile,founded year; employee band; ownership; Irvine HQ,Primary,2026-09-30,
SRC-0005,OC-002,AC Future,https://acfuture.com/about.html,Company / official,founder/CEO,Primary,2026-09-30,
SRC-0006,OC-003,Acceliot,https://acceliot.com/contact-us/,Company / official,"location, sector/profile, status, founded, employee size",Primary,2026-09-30,
SRC-0007,OC-003,Acceliot,https://acceliot.com/shawn-manesh/,Company / official or regulatory/press source,Leadership enrichment,Primary,2026-09-30,
SRC-0008,OC-003,Acceliot,https://acceliot.com/,Company / official,"location, sector/profile, status, founded, employee size",Secondary,2026-09-30,
SRC-0009,OC-004,ADDMAN Polymer,https://www.addmangroup.com/irvine-facility/,Company / official,"location, sector/profile, status",Primary,2026-09-30,
SRC-0010,OC-004,ADDMAN Polymer,https://www.addmangroup.com/our-history/,Company / official,2020 founding; 500+ staff; AIP backing,Primary,2026-09-30,
SRC-0011,OC-004,ADDMAN Polymer,https://www.addmangroup.com/our-leadership/,Company / official,ADDMAN Polymer general manager,Primary,2026-09-30,
SRC-0012,OC-005,Advanced Composite Products & Technology (ACPT),https://www.acpt.com/,Company / official,"location, sector/profile, status",Primary,2026-09-30,
SRC-0013,OC-005,Advanced Composite Products & Technology (ACPT),https://www.acpt.com/company-overview,Company / official,1977 founding; Huntington Beach HQ; company history,Primary,2026-09-30,
SRC-0014,OC-005,Advanced Composite Products & Technology (ACPT),https://www.apexsds.com/aboutapex,Company / official,ACPT business-unit leadership,Primary,2026-09-30,
SRC-0015,OC-005,Advanced Composite Products & Technology (ACPT),https://www.acpt.com/facilities,Company / official,"location, sector/profile, status",Secondary,2026-09-30,
SRC-0016,OC-006,Airtech International,https://www.airtechintl.com/contact-us,Company / official,"location, sector/profile, status",Primary,2026-09-30,
SRC-0017,OC-006,Airtech International,https://airtechintl.com/index.php/message-from-ceo,Company / official or regulatory/press source,Leadership enrichment,Primary,2026-09-30,
SRC-0018,OC-006,Airtech International,https://www.airtechintl.com/airtech-history,Company / official,1973 founding; Huntington Beach facility history,Primary,2026-09-30,
SRC-0019,OC-006,Airtech International,https://www.airtechintl.com/message-from-ceo,Company / official,President/CEO; 5700 Skylab Road HQ,Primary,2026-09-30,
SRC-0020,OC-007,ALIGN PRECISION,https://alignprecision.com/about/anaheim-california.html,Company / official,"location, sector/profile, status",Primary,2026-09-30,
SRC-0021,OC-007,ALIGN PRECISION,https://alignprecision.com/about/eric-ellis.html,Company / official or regulatory/press source,Leadership enrichment,Primary,2026-09-30,
SRC-0022,OC-008,Alpha Motor Corporation,https://www.alphamotorinc.com/faq,Company / official,"location, sector/profile, status, founded, employee size",Primary,2026-09-30,
SRC-0023,OC-008,Alpha Motor Corporation,https://www.sec.gov/Archives/edgar/data/1959811/000166516023000084/offeringmemoformc.pdf,Company / official or regulatory/press source,Capital enrichment,Primary,2026-09-30,
SRC-0024,OC-008,Alpha Motor Corporation,https://www.sec.gov/Archives/edgar/data/1959811/000195981126000001/xslC_X01/primary_doc.xml,Government / regulator,"location, sector/profile, status, founded, employee size",Secondary,2026-09-30,
SRC-0025,OC-009,Anduril Industries,https://www.anduril.com/careers,Company / official,"location, sector/profile, status",Primary,2026-09-30,
SRC-0026,OC-009,Anduril Industries,https://jobs.a16z.com/company/anduril,Company / official or regulatory/press source,Leadership enrichment,Primary,2026-09-30,
SRC-0027,OC-009,Anduril Industries,https://www.latimes.com/business/story/2026-05-14/anduril-doubles-valuation-amid-soaring-interest-in-defense-tech-companies,Company / official or regulatory/press source,Capital enrichment,Primary,2026-09-30,
SRC-0028,OC-009,Anduril Industries,https://www.usaspending.gov/award/CONT_AWD_FA882026FB002_9700_FA882024DB001_9700,Government / regulator,2026 federal contract; Costa Mesa recipient address,Primary,2026-09-30,
SRC-0029,OC-009,Anduril Industries,https://www.anduril.com/open-roles,Company / official,"location, sector/profile, status",Secondary,2026-09-30,
SRC-0030,OC-009,Anduril Industries,https://www.reveliolabs.com/companies/anduril-industries/employees,Workforce intelligence,2017 founding; employee estimate; 2026 hiring activity; Costa Mesa HQ,Secondary,2026-09-30,
SRC-0031,OC-010,AONDevices,https://aondevices.com/about-us/,Company / official,"location, sector/profile, status, founded",Primary,2026-09-30,
SRC-0032,OC-010,AONDevices,https://app.aondevices.com/terms-and-conditions,Company / official,"location, sector/profile, status, founded",Secondary,2026-09-30,
SRC-0033,OC-010,AONDevices,https://www.linkedin.com/company/aondevices-inc,LinkedIn / company profile,employee band; Irvine address,Secondary,2026-09-30,
SRC-0034,OC-011,APEX Space & Defense,https://www.apexsds.com/contact-us,Company / official,"location, sector/profile, status",Primary,2026-09-30,
SRC-0035,OC-011,APEX Space & Defense,https://www.apexsds.com/aboutapex,Company / official,"location, sector/profile, status",Secondary,2026-09-30,
SRC-0036,OC-011,APEX Space & Defense,https://www.linkedin.com/company/apexsds,LinkedIn / company profile,employee band; private ownership; Santa Ana/Huntington Beach locations,Secondary,2026-09-30,
SRC-0037,OC-012,Archer Aviation,https://investors.archer.com/news/news-details/2025/Archer-Accelerates-Defense-Program-with-Two-Strategic-Acquisitions-as-it-Pursues-Growing-Demand/default.aspx,Company / official,"location, sector/profile, status",Primary,2026-09-30,
SRC-0038,OC-012,Archer Aviation,https://www.sec.gov/Archives/edgar/data/1824502/000182450226000019/achr-20251231.htm,Company / official or regulatory/press source,Leadership enrichment,Primary,2026-09-30,
SRC-0039,OC-012,Archer Aviation,https://investors.archer.com/news/news-details/2026/Archer-Announces-First-Quarter-2026-Results-Highlighting-Record-FAA-Certification-Progress-With-Initial-US-Operations-Expected-In-2026/,Company / official or regulatory/press source,Event enrichment,Primary,2026-09-30,
SRC-0040,OC-012,Archer Aviation,https://archer.com/,Company / official,"location, sector/profile, status",Secondary,2026-09-30,
SRC-0041,OC-013,Arkisys,https://www.arkisys.com/,Company / official,"location, sector/profile, status",Primary,2026-09-30,
SRC-0042,OC-013,Arkisys,https://www.arkisys.com/about-us,Company / official or regulatory/press source,Leadership enrichment,Primary,2026-09-30,
SRC-0043,OC-013,Arkisys,https://www.arkisys.com/updates,Company / official or regulatory/press source,Event enrichment,Primary,2026-09-30,
SRC-0044,OC-013,Arkisys,https://www.linkedin.com/company/arkisys,LinkedIn / company profile,employee band; private ownership; Los Alamitos location,Secondary,2026-09-30,
SRC-0045,OC-013,Arkisys,https://conferences.db.com/files/documents/americas/Space/2024-Company-Descriptions-and-Attendee-Biographies.pdf,Conference dossier,2014 founding; Los Alamitos HQ,Secondary,2026-09-30,
SRC-0046,OC-014,AstroForge,https://www.astroforge.com/,Company / official,"location, sector/profile, status",Primary,2026-09-30,
SRC-0047,OC-014,AstroForge,https://www.astroforge.com/about,Company / official or regulatory/press source,Leadership enrichment,Primary,2026-09-30,
SRC-0048,OC-014,AstroForge,https://www.highergov.com/contract/80NSSC26C0416/,Company / official or regulatory/press source,Event enrichment,Primary,2026-09-30,
SRC-0049,OC-014,AstroForge,https://www.bizprofile.net/ca/seal-beach/astroforge-inc,Government-registry-derived secondary,2021 filing/founding; active status; Seal Beach address; CEO,Primary,2026-09-30,
SRC-0050,OC-014,AstroForge,https://www.indeed.com/viewjob?jk=e0c44c1e8685575c,Jobs / hiring,2026 Seal Beach fabrication hiring,Secondary,2026-09-30,
SRC-0051,OC-014,AstroForge,https://www.linkedin.com/company/astroforge,LinkedIn / company profile,2022 founding; employee band; private ownership; Seal Beach HQ,Secondary,2026-09-30,
SRC-0052,OC-015,Astronics Test Systems,https://www.astronics.com/subsidiary?subsidiaryItem=astronics+test+systems,Company / official,"identity, Irvine location, current operations",Primary,2026-09-30,
SRC-0053,OC-015,Astronics Test Systems,https://investors.astronics.com/company-information/management-team,Company / official or regulatory/press source,Leadership enrichment,Primary,2026-09-30,
SRC-0054,OC-015,Astronics Test Systems,https://www.linkedin.com/company/astronics-test-systems,LinkedIn / company profile,employee band; Irvine facility; ownership; capabilities; current hiring,Primary,2026-09-30,
SRC-0055,OC-015,Astronics Test Systems,https://www.astronics.com/test-systems/aerospace-electronics-testing,Company / official,"capabilities, Irvine location",Secondary,2026-09-30,
SRC-0056,OC-016,Auriga Space,https://www.linkedin.com/company/aurigaspace/,LinkedIn / company profile,"location, sector/profile, status, founded, employee size",Primary,2026-09-30,
SRC-0057,OC-016,Auriga Space,https://www.aurigaspace.com/,Company / official or regulatory/press source,Leadership enrichment,Primary,2026-09-30,
SRC-0058,OC-016,Auriga Space,https://techcrunch.com/2025/07/15/auriga-space-raises-6m-to-shoot-rockets-off-an-electromagnetic-launch-track/,Company / official or regulatory/press source,Capital enrichment,Primary,2026-09-30,
SRC-0059,OC-016,Auriga Space,https://www.aurigaspace.com/news/auriga-space-and-u-s-army-devcom-ac-partner-on-operationalizing-electromagnetic-launch-technology-for-counter-drone-defense,Company / official or regulatory/press source,Event enrichment,Primary,2026-09-30,
SRC-0060,OC-016,Auriga Space,https://www.aurigaspace.com/contact,Company / official,Garden Grove street address,Primary,2026-09-30,
SRC-0061,OC-017,Biodynamik,https://biodynamik.com/,Company / official,"location, sector/profile, status",Primary,2026-09-30,
SRC-0062,OC-017,Biodynamik,https://biodynamik.com/company/,Company / official or regulatory/press source,Leadership enrichment,Primary,2026-09-30,
SRC-0063,OC-017,Biodynamik,https://www.accessdata.fda.gov/scripts/cdrh/cfdocs/cfpmn/pmn.cfm?ID=K260073,Government / regulator,"location, sector/profile, status",Secondary,2026-09-30,
SRC-0064,OC-017,Biodynamik,https://www.bizprofile.net/ca/lake-forest/biodynamik-inc,Government-registry-derived secondary,founded year; active status; Lake Forest address; CEO,Secondary,2026-09-30,
SRC-0065,OC-018,Brelle,https://www.linkedin.com/company/brelletech,LinkedIn / company profile,"location, sector/profile, status, employee size",Primary,2026-09-30,
SRC-0066,OC-018,Brelle,https://www.bizprofile.net/ca/los-alamitos/brelle-co-inc,Government-registry-derived secondary,2024 filing; active status; Los Alamitos address; CEO,Primary,2026-09-30,
SRC-0067,OC-019,Comtech Space Components and Antennas,https://comtech.com/wp-content/uploads/2025/02/14152_02.12.25.pdf,Company / official,"location, sector/profile, status",Primary,2026-09-30,
SRC-0068,OC-019,Comtech Space Components and Antennas,https://www.sec.gov/Archives/edgar/data/23197/000002319726000018/cmtl07312025annualreport.htm,Government / regulator,"ownership context; products; NASA/defense exposure; engineering, testing and quality processes",Primary,2026-10-01,
SRC-0069,OC-019,Comtech Space Components and Antennas,https://comtech.com/press-releases/2025/07/09/comtech-announces-senior-leadership-appointments-to-drive-growth-of-satellite-and-space-communications-segment/,Company / official,segment leadership,Primary,2026-10-01,
SRC-0070,OC-019,Comtech Space Components and Antennas,https://www.linkedin.com/jobs/view/manager-business-development-electronic-space-components-at-comtech-telecommunications-corp-4405810324,Company / careers,2026 Cypress hiring signal,Secondary,2026-10-01,
SRC-0071,OC-020,Design West Technologies,https://www.dwtusa.com/,Company / official,"location, sector/profile, status, founded",Primary,2026-09-30,
SRC-0072,OC-020,Design West Technologies,https://www.linkedin.com/company/design-west-technologies-inc,LinkedIn / company profile,employee band; private ownership; Tustin address; manufacturing capabilities,Primary,2026-09-30,
SRC-0073,OC-021,Dreamstar Lines,https://www.dreamstarlines.com/dreamstar-lines-joins-aipro-rail-in-support-of-private-sector-approaches-to-improving-u-s-passenger-rail-travel/,Company / official,"location, sector/profile, status, founded, employee size",Primary,2026-09-30,
SRC-0074,OC-021,Dreamstar Lines,https://www.dreamstarlines.com/,Company / official or regulatory/press source,Leadership enrichment,Primary,2026-09-30,
SRC-0075,OC-021,Dreamstar Lines,https://www.dreamstarlines.com/dreamstar-lines-garners-100-000-investment-from-southerncalifornia-real-estate-leader-bill-lyon/,Company / official or regulatory/press source,Capital enrichment,Primary,2026-09-30,
SRC-0076,OC-021,Dreamstar Lines,https://www.linkedin.com/company/dreamstar-lines,LinkedIn / company profile,"location, sector/profile, status, founded, employee size",Secondary,2026-09-30,
SRC-0077,OC-022,Ondas Sentinel / DZYNE Technologies,https://dzyne.com/contact-us/,Company / official,"location, sector/profile, status",Primary,2026-09-30,
SRC-0078,OC-022,Ondas Sentinel / DZYNE Technologies,https://www.latimes.com/b2b/space-tech/story/2026-07-07/ondas-acquires-dzyne-technologies-defense-tech-deal,Company / official or regulatory/press source,Event enrichment,Primary,2026-09-30,
SRC-0079,OC-022,Ondas Sentinel / DZYNE Technologies,https://ir.ondas.com/press-releases/detail/315/ondas-announces-transformative-acquisition-of-dzyne,Company / official,DZYNE acquisition; transaction value; 2026 revenue outlook; ownership,Primary,2026-09-30,
SRC-0080,OC-022,Ondas Sentinel / DZYNE Technologies,https://ir.ondas.com/all-sec-filings/content/0001193125-26-347973/onds-ex99_1.htm,Regulatory filing,Ondas Sentinel leadership; U.S. employee/manufacturing footprint,Primary,2026-09-30,
SRC-0081,OC-022,Ondas Sentinel / DZYNE Technologies,https://dzyne.com/privacy-policy/,Company / official,34 Parker Irvine address,Primary,2026-09-30,
SRC-0082,OC-022,Ondas Sentinel / DZYNE Technologies,https://www.linkedin.com/company/dzyne-technologies,LinkedIn / company profile,DZYNE employee band; Irvine address; 2012 company-history reference,Secondary,2026-09-30,
SRC-0083,OC-023,Ecotune,https://innovation.uci.edu/news/ecotune/,Company / official,"location, sector/profile, status, employee size",Primary,2026-09-30,
SRC-0084,OC-023,Ecotune,https://www.calit2.uci.edu/2026/05/20/the-material-question/,Company / official or regulatory/press source,Leadership enrichment,Primary,2026-09-30,
SRC-0085,OC-023,Ecotune,https://www.linkedin.com/company/ecotune-inc,LinkedIn / company profile,"location, sector/profile, status, employee size",Secondary,2026-09-30,
SRC-0086,OC-024,Elevate Aircraft Seating,https://www.elevate-seats.com/news/announcing-elevate-aircraft-seating,Company / official,"location, sector/profile, status, founded, employee size",Primary,2026-09-30,
SRC-0087,OC-024,Elevate Aircraft Seating,https://www.linkedin.com/company/elevate-seats,LinkedIn / company profile,employee band; Huntington Beach address,Primary,2026-09-30,
SRC-0088,OC-024,Elevate Aircraft Seating,https://www.elevate-seats.com/careers,Company / official,"location, sector/profile, status, founded, employee size",Secondary,2026-09-30,
SRC-0089,OC-025,EnCore Interiors,https://www.encoregroup.aero/huntington-beach,Company / official,"identity, current Huntington Beach facilities",Primary,2026-09-30,
SRC-0090,OC-025,EnCore Interiors,https://www.linkedin.com/company/encoregroup,Secondary / company profile,"sector, size, founded, current Huntington Beach operations",Secondary,2026-09-30,
SRC-0091,OC-026,Evergreen Biotech,https://www.ocreporter.news/LegalNotices/OCR-2025-09-17.pdf,Secondary / directory / press,"location, sector/profile, status",Primary,2026-09-30,
SRC-0092,OC-026,Evergreen Biotech,https://www.evergreenbiotech.org/ourstory,Company / official or regulatory/press source,Leadership enrichment,Primary,2026-09-30,
SRC-0093,OC-027,ExoAnalytic Solutions,https://exoanalytic.com/wp-content/uploads/2025/03/Current-Price-List-3-21-2025.pdf,Company / official,"location, sector/profile, status",Primary,2026-09-30,
SRC-0094,OC-027,ExoAnalytic Solutions,https://www.linkedin.com/company/exoanalytic-solutions,LinkedIn / company profile,founded year; employee band; ownership; Foothill Ranch address,Primary,2026-09-30,
SRC-0095,OC-028,FieldAI,https://jobs.lever.co/field-ai/80363431-4bee-4c82-b6e4-8b556c1a2fd4,Company / official,"location, sector/profile, status",Primary,2026-09-30,
SRC-0096,OC-028,FieldAI,https://fieldai.com/,Company / official or regulatory/press source,Leadership enrichment,Primary,2026-09-30,
SRC-0097,OC-028,FieldAI,https://www.fieldai.com/news/fieldai-announces-over-400m-in-funds-raised-to-advance-embodied-ai-at-scale,Company / official,$405M funding; Irvine HQ; founder/CEO,Primary,2026-09-30,
SRC-0098,OC-028,FieldAI,https://www.fieldai.com/team,Company / official,leadership,Primary,2026-09-30,
SRC-0099,OC-028,FieldAI,https://www.ocbj.com/oc-homepage/2b-valued-fieldai-moves-to-irvine/,Secondary / press,2023 founding context; 3 Morgan Irvine HQ; expansion/hiring,Primary,2026-09-30,
SRC-0100,OC-028,FieldAI,https://multiples.vc/private-comps/field-ai,Secondary,Capital enrichment,Secondary,2026-09-30,
SRC-0101,OC-028,FieldAI,https://www.linkedin.com/company/fieldai/jobs,LinkedIn / jobs,current hiring signal,Secondary,2026-09-30,
SRC-0102,OC-028,FieldAI,https://www.axios.com/2025/08/20/fieldai-raises-over-400-million-to-make-robot-brains,Secondary / press,$2B post-money valuation,Secondary,2026-09-30,
SRC-0103,OC-028,FieldAI,https://www.linkedin.com/company/fieldai/,LinkedIn / company profile,visible employee count; Irvine HQ,Secondary,2026-09-30,
SRC-0104,OC-029,GKN Aerospace,https://www.gknaerospace.com/locations/americas/usa/,Company / official,"location, sector/profile, status, employee size",Primary,2026-09-30,
SRC-0105,OC-029,GKN Aerospace,https://www.gknaerospace.com/news-insights/news/gkn-aerospace-to-double-f-35-canopy-production-capacity-as-demand-ramps-up/,Company / official or regulatory/press source,Event enrichment,Primary,2026-09-30,
SRC-0106,OC-029,GKN Aerospace,https://www.gkngg.com/,Company / official,"location, sector/profile, status, employee size",Secondary,2026-09-30,
SRC-0107,OC-030,Great Western Grinding,https://www.greatwesterngrinding.com/,Company / official,"location, sector/profile, status, founded",Primary,2026-09-30,
SRC-0108,OC-030,Great Western Grinding,https://www.bizprofile.net/ca/huntington-beach/great-western-grinding-inc,Secondary,Leadership enrichment,Secondary,2026-09-30,
SRC-0109,OC-031,Griswold Controls,https://griswoldcontrols.com/contact-griswold-controls/,Company / official,"location, sector/profile, status, founded",Primary,2026-09-30,
SRC-0110,OC-031,Griswold Controls,https://griswoldcontrols.com/david-griswold/,Company / official,"location, sector/profile, status, founded",Secondary,2026-09-30,
SRC-0111,OC-031,Griswold Controls,https://www.linkedin.com/company/griswold-controls-inc.,LinkedIn / company profile,employee band; private ownership; Irvine street address,Secondary,2026-09-30,
SRC-0112,OC-031,Griswold Controls,https://www.bizprofile.net/ca/irvine/griswold-controls-llc,Government-registry-derived secondary,active status; CEO; Irvine address,Secondary,2026-09-30,
SRC-0113,OC-032,Halo Industries,https://www.linkedin.com/company/halo-industries-inc-,LinkedIn / company profile,"location, sector/profile, status, founded, employee size",Primary,2026-09-30,
SRC-0114,OC-033,Harbinger Motors,https://harbingermotors.com/our-company/,Company / official,"location, sector/profile, status",Primary,2026-09-30,
SRC-0115,OC-033,Harbinger Motors,https://harbingermotors.com/newsroom/harbinger-raises-160-million-series-c-co-led-by-fedex/,Company / official or regulatory/press source,Capital enrichment,Primary,2026-09-30,
SRC-0116,OC-033,Harbinger Motors,https://harbingermotors.com/newsroom/,Company / official or regulatory/press source,Event enrichment,Primary,2026-09-30,
SRC-0117,OC-033,Harbinger Motors,https://vpic.nhtsa.dot.gov/mid/manufacturer/details/21957,Government / regulator,"location, sector/profile, status",Secondary,2026-09-30,
SRC-0118,OC-033,Harbinger Motors,https://www.linkedin.com/company/harbingermotors/life,LinkedIn / company profile,visible employee count; recruiting; company profile,Secondary,2026-09-30,
SRC-0119,OC-034,HawkRobo,https://www.hawkrobo.com/,Company / official,"location, sector/profile, status",Primary,2026-09-30,
SRC-0120,OC-034,HawkRobo,https://www.linkedin.com/company/hawkrobo-systems,Secondary / company profile,founded 2025; 11-50 employees; private; Irvine HQ,Secondary,2026-10-01,
SRC-0121,OC-034,HawkRobo,https://hawkrobo.com/irvine-police-robot-dog/,Company / official,2026 Irvine public-safety deployment,Primary,2026-10-01,
SRC-0122,OC-034,HawkRobo,https://www.hawkrobo.com/company,Company / official,field-deployment model and company positioning,Primary,2026-10-01,
SRC-0123,OC-035,HopAero,https://app.dealroom.co/companies/hop_aero,Secondary / directory / press,"location, sector/profile, status, founded, employee size",Primary,2026-09-30,
SRC-0124,OC-035,HopAero,https://hopaero.com/,Company / official,Orange HQ coordinates; founders/team; product and test-site description,Primary,2026-10-01,
SRC-0125,OC-035,HopAero,https://www.ycombinator.com/companies/hop-aero/,Accelerator / company profile,team size; founders; Rook specifications; $1.25M USAF contract; prototype milestones,Secondary,2026-10-01,
SRC-0126,OC-035,HopAero,https://payloadspace.com/exclusive-hop-aero-raises-11m-for-suborbital-point-to-point-delivery/,Industry press,$11M financing announced 2026-09-30,Secondary,2026-10-01,
SRC-0127,OC-036,Hydro Dynamic Power Systems,https://www.bizprofile.net/ca/orange/hydro-dynamic-power-systems,Secondary / directory / press,"location, sector/profile, status, founded",Primary,2026-09-30,
SRC-0128,OC-036,Hydro Dynamic Power Systems,https://ldesconsortium.sandia.gov/our-network/,Government / regulator,"location, sector/profile, status, founded",Secondary,2026-09-30,
SRC-0129,OC-037,Ibis Industries,https://ibis.industries/,Company / official,"location, sector/profile, status",Primary,2026-09-30,
SRC-0130,OC-037,Ibis Industries,https://ibis.industries/about/,Company / official or regulatory/press source,Leadership enrichment,Primary,2026-09-30,
SRC-0131,OC-038,InPlay Technologies,https://www.linkedin.com/company/inplaytechnologies,LinkedIn / company profile,"location, sector/profile, status, employee size",Primary,2026-09-30,
SRC-0132,OC-039,Karman Space & Defense,https://karman-sd.com/company/locations/,Company / official,"location, sector/profile, status",Primary,2026-09-30,
SRC-0133,OC-039,Karman Space & Defense,https://karman-sd.com/careers/,Company / official,"1,700+ workforce; CEO; active hiring",Primary,2026-09-30,
SRC-0134,OC-039,Karman Space & Defense,https://karman-sd.com/contact/,Company / official,current OC facility cities,Primary,2026-09-30,
SRC-0135,OC-039,Karman Space & Defense,https://www.sec.gov/Archives/edgar/data/2040127/000204012726000014/krmn-20251231.htm,Government / regulator,"location, sector/profile, status",Secondary,2026-09-30,
SRC-0136,OC-040,Kinetic Automation,https://www.kinetic.auto/contact,Company / official,"location, sector/profile, status",Primary,2026-09-30,
SRC-0137,OC-040,Kinetic Automation,https://www.linkedin.com/company/kinetic-automati0n,LinkedIn / company profile,2021 founding; employee band; private ownership; robotics/ADAS scope,Primary,2026-09-30,
SRC-0138,OC-040,Kinetic Automation,https://www.kinetic.auto/,Company / official,$21M Series B; current products,Primary,2026-09-30,
SRC-0139,OC-040,Kinetic Automation,https://ats.rippling.com/kinetic/jobs?rr_message=job_not_found,Company / careers,2026 active hiring,Secondary,2026-09-30,
SRC-0140,OC-041,Lanic Aerospace,https://lanicaerospace.com/contact-us/,Company / official,"location, sector/profile, status",Primary,2026-09-30,
SRC-0141,OC-042,Layup Parts,https://www.layupparts.com/apply,Company / official,"location, sector/profile, status, founded, employee size",Primary,2026-09-30,
SRC-0142,OC-042,Layup Parts,https://techcrunch.com/2026/06/02/ex-anduril-engineer-raises-42m-to-build-the-amazon-of-composite-parts/,Company / official or regulatory/press source,Leadership enrichment,Primary,2026-09-30,
SRC-0143,OC-042,Layup Parts,https://www.linkedin.com/company/layupparts,LinkedIn / company profile,"location, sector/profile, status, founded, employee size",Secondary,2026-09-30,
SRC-0144,OC-043,Litrinium,https://litrinium.com/contact-us/,Company / official,"location, sector/profile, status",Primary,2026-09-30,
SRC-0145,OC-043,Litrinium,https://litrinium.com/about/,Company / official or regulatory/press source,Leadership enrichment,Primary,2026-09-30,
SRC-0146,OC-043,Litrinium,https://www.linkedin.com/company/litrinium-inc,LinkedIn / company profile,employee band; private ownership; Aliso Viejo location,Secondary,2026-09-30,
SRC-0147,OC-043,Litrinium,https://www.crunchbase.com/organization/litrinium,Startup database,founder/CEO; private status,Secondary,2026-09-30,
SRC-0148,OC-044,Mach Industries,https://machindustries.com/,Company / official,"location, sector/profile, status, founded",Primary,2026-09-30,
SRC-0149,OC-044,Mach Industries,https://www.prnewswire.com/news-releases/mach-industries-raises-additional-600-million-to-scale-defense-manufacturing-302874488.html,Company / official or regulatory/press source,Capital enrichment,Primary,2026-09-30,
SRC-0150,OC-044,Mach Industries,https://techcrunch.com/2026/09/10/defense-tech-mach-industries-doubles-valuation-to-3-7b-in-3-months/,Company / official or regulatory/press source,Event enrichment,Primary,2026-09-30,
SRC-0151,OC-044,Mach Industries,https://www.sbir.gov/portfolio/2285441,Government / regulator,employee count; Huntington Beach address; SBIR/STTR award history,Primary,2026-09-30,
SRC-0152,OC-044,Mach Industries,https://machindustries.com/articles/mach-industries-raises-300-million-in-series-c-funding,Company / official,"location, sector/profile, status, founded",Secondary,2026-09-30,
SRC-0153,OC-045,Makani Science,https://www.makaniscience.com/contact,Company / official,"location, sector/profile, status",Primary,2026-09-30,
SRC-0154,OC-045,Makani Science,https://www.bizprofile.net/ca/irvine/makani-science-inc,Government-registry-derived secondary,2018 filing/founding evidence; active entity; Irvine address,Secondary,2026-09-30,
SRC-0155,OC-045,Makani Science,https://www.makaniscience.com/about-us,Company / official,leadership; founders; respiratory-monitoring mission,Primary,2026-10-01,
SRC-0156,OC-045,Makani Science,https://www.makaniscience.com/product,Company / official,Aire / respiration monitoring system; FDA-clearance statement; device attributes,Primary,2026-10-01,
SRC-0157,OC-045,Makani Science,https://www.accessdata.fda.gov/scripts/cdrh/cfdocs/cfpmn/pmn.cfm?ID=K233953,Government / regulator,FDA 510(k) clearance; applicant address; device identity; decision date,Primary,2026-10-01,
SRC-0158,OC-045,Makani Science,https://www.linkedin.com/company/makani-science,Secondary / company profile,2-10 employees; private; Irvine HQ; public-profile founding-year conflict reference,Secondary,2026-10-01,
SRC-0159,OC-046,Menlo Micro,https://menlomicro.com/contact-us/,Company / official,"location, sector/profile, status",Primary,2026-09-30,
SRC-0160,OC-046,Menlo Micro,https://menlomicro.com/newsroom/menlo-microsystems-appoints-richard-simoncic-as-chief-executive-officer,Company / official or regulatory/press source,Leadership enrichment,Primary,2026-09-30,
SRC-0161,OC-046,Menlo Micro,https://menlomicro.com/company/about,Company / official,CEO; Irvine address; technology and investors,Primary,2026-09-30,
SRC-0162,OC-046,Menlo Micro,https://www.linkedin.com/company/menlo-micro,LinkedIn / company profile,2016 founding; employee band; private ownership; Irvine address,Secondary,2026-09-30,
SRC-0163,OC-047,Mercury Systems,https://www.mrcy.com/company/company-overview/locations,Company / official,"location, sector/profile, status",Primary,2026-09-30,
SRC-0164,OC-047,Mercury Systems,https://www.sec.gov/Archives/edgar/data/1049521/000104952126000077/mrcy-20260917.htm,Company / official or regulatory/press source,Leadership enrichment,Primary,2026-09-30,
SRC-0165,OC-047,Mercury Systems,https://www.linkedin.com/company/mercury-systems,LinkedIn / company profile,1981 founding; public ownership; Cypress facility; manufacturing scope,Primary,2026-09-30,
SRC-0166,OC-047,Mercury Systems,https://www.reveliolabs.com/companies/mercury-systems/employees,Workforce intelligence,employee estimate; 2026 hiring activity,Secondary,2026-09-30,
SRC-0167,OC-047,Mercury Systems,https://www.highergov.com/awardee/mercury-systems-inc-12737888/,Government-contract intelligence,Cypress federal awardee presence,Secondary,2026-09-30,
SRC-0168,OC-048,Mobix Labs,https://www.mobixlabs.com/resources/faqs,Company / official,"location, sector/profile, status, founded",Primary,2026-09-30,
SRC-0169,OC-048,Mobix Labs,https://investors.mobixlabs.com/,Company / official or regulatory/press source,Event enrichment,Primary,2026-09-30,
SRC-0170,OC-048,Mobix Labs,https://investors.mobixlabs.com/ir-resources/investor-faqs,Company / official,"location, sector/profile, status, founded",Secondary,2026-09-30,
SRC-0171,OC-049,Movandi,https://secure.cityofirvine.org/webreport/,Government / regulator,"location, sector/profile, status",Primary,2026-09-30,
SRC-0172,OC-049,Movandi,https://movandi.com/about/,Company / official or regulatory/press source,Leadership enrichment,Primary,2026-09-30,
SRC-0173,OC-049,Movandi,https://movandi.com/movandi-secures-40m-to-power-next-generation-intelligent-connectivity-for-the-ai-era/,Company / official or regulatory/press source,Capital enrichment,Primary,2026-09-30,
SRC-0174,OC-049,Movandi,https://www.linkedin.com/company/movandi,LinkedIn / company profile,2016 founding; employee band; private ownership; Irvine address,Primary,2026-09-30,
SRC-0175,OC-049,Movandi,https://www.ocbj.com/finance/movandi-chief-urges-more-women-in-tech/,Secondary / press,more than $100M raised; roughly 50 employees,Secondary,2026-09-30,
SRC-0176,OC-050,Neon Aero,https://www.neon.aero/home-copy,Company / official,"location, sector/profile, status, founded, employee size",Primary,2026-09-30,
SRC-0177,OC-051,Newlight Technologies,https://www.newlight.com/,Company / official,"location, sector/profile, status",Primary,2026-09-30,
SRC-0178,OC-051,Newlight Technologies,https://www.sec.gov/Archives/edgar/data/1566740/000156761919007796/xslFormDX01/primary_doc.xml,Company / official or regulatory/press source,Leadership enrichment,Primary,2026-09-30,
SRC-0179,OC-051,Newlight Technologies,https://www.linkedin.com/company/newlight-technologies,LinkedIn / company profile,founded year; employee band; private status; Huntington Beach location,Primary,2026-09-30,
SRC-0180,OC-052,Norotos,https://www.bizprofile.net/ca/santa-ana/norotos-inc,Secondary / directory / press,"location, sector/profile, status, founded",Primary,2026-09-30,
SRC-0181,OC-052,Norotos,https://www.nightvisionassociation.org/member-directory/norotos-inc/,Company / official or regulatory/press source,Leadership enrichment,Primary,2026-09-30,
SRC-0182,OC-052,Norotos,https://www.linkedin.com/company/norotos-inc-,LinkedIn / company profile,founded year; employee band; Santa Ana address; manufacturing capabilities,Primary,2026-09-30,
SRC-0183,OC-053,Oceanbotics,https://oceanbotics.com/oceanbotics-rje-international-expand-to-new-irvine-headquarters/,Company / official,"location, sector/profile, status",Primary,2026-09-30,
SRC-0184,OC-053,Oceanbotics,https://oceanbotics.com/about/,Company / official or regulatory/press source,Leadership enrichment,Primary,2026-09-30,
SRC-0185,OC-053,Oceanbotics,https://oceanbotics.com/,Company / official,"location, sector/profile, status",Secondary,2026-09-30,
SRC-0186,OC-054,OpenSonic,https://www.linkedin.com/company/opensonic,LinkedIn / company profile,"location, sector/profile, status, founded, employee size",Primary,2026-09-30,
SRC-0187,OC-055,Oso Robotics,https://osorobotics.ai/careers/,Company / official,"location, sector/profile, status",Primary,2026-09-30,
SRC-0188,OC-055,Oso Robotics,https://osorobotics.ai/legal/,Company / official,"location, sector/profile, status",Secondary,2026-09-30,
SRC-0189,OC-055,Oso Robotics,https://www.linkedin.com/company/oso-robotics-inc,LinkedIn / company profile,11-50 employee band; private ownership,Secondary,2026-09-30,
SRC-0190,OC-056,Overair,https://www.linkedin.com/company/overair-inc,LinkedIn / company profile,"location, sector/profile, status, founded",Primary,2026-09-30,
SRC-0191,OC-057,Pretika MedTech,https://pretikamedtech.com/,Company / official,"location, sector/profile, status",Primary,2026-09-30,
SRC-0192,OC-057,Pretika MedTech,https://www.bizprofile.net/ca/irvine/pretika-medtech-corporation,Government-registry-derived secondary,2022 filing; active status; Irvine address; CEO,Primary,2026-09-30,
SRC-0193,OC-058,RAVE Manufacturing,https://www.linkedin.com/company/rave-manufacturing,LinkedIn / company profile,"location, sector/profile, status, founded, employee size",Primary,2026-09-30,
SRC-0194,OC-058,RAVE Manufacturing,https://ravemfg.com/,Company / official or regulatory/press source,Leadership enrichment,Primary,2026-09-30,
SRC-0195,OC-059,Regal Technology Partners,https://www.regaltechnology.com/,Company / official,"identity, sector, Santa Ana address, capabilities",Primary,2026-09-30,
SRC-0196,OC-059,Regal Technology Partners,https://www.regaltechnology.com/about,Company / official,"capabilities, status, leadership/company profile",Secondary,2026-09-30,
SRC-0197,OC-060,Rekovar,https://www.rekovar.com/contact,Company / official,"location, sector/profile, status",Primary,2026-09-30,
SRC-0198,OC-060,Rekovar,https://www.rekovar.com/people,Company / official or regulatory/press source,Leadership enrichment,Primary,2026-09-30,
SRC-0199,OC-060,Rekovar,https://reporter.nih.gov/project-details/11039621,Company / official or regulatory/press source,Event enrichment,Primary,2026-09-30,
SRC-0200,OC-060,Rekovar,https://www.rekovar.com/about,Company / official,founded late 2020; NIH-funded status; Lake Forest location,Primary,2026-09-30,
SRC-0201,OC-060,Rekovar,https://www.rekovar.com/people-1,Company / official,"location, sector/profile, status",Secondary,2026-09-30,
SRC-0202,OC-061,Renata Medical,https://www.renatamedical.com/,Company / official,"location, sector/profile, status",Primary,2026-09-30,
SRC-0203,OC-061,Renata Medical,https://renatamedical.com/,Company / official or regulatory/press source,Leadership enrichment,Primary,2026-09-30,
SRC-0204,OC-061,Renata Medical,https://www.prnewswire.com/news-releases/renata-medical-closes-25m-series-d-financing-led-by-global-healthcare-investment-firm-archimed-to-accelerate-commercialization-and-development-of-pediatric-cardiovascular-technologies-302854676.html,Company / official or regulatory/press source,Capital enrichment,Primary,2026-09-30,
SRC-0205,OC-061,Renata Medical,https://www.linkedin.com/company/renatamedical,LinkedIn / company profile,founded year; employee band; private ownership; Newport Beach,Primary,2026-09-30,
SRC-0206,OC-061,Renata Medical,https://www.newswise.com/articles/renata-medical-closes-25m-series-d-financing-led-by-global-healthcare-investment-firm-archimed-to-accelerate-commercialization-and-development-of-pediatric-cardiovascular-technologies,Press release syndication,$25M Series D; CEO; use of proceeds,Primary,2026-09-30,
SRC-0207,OC-062,Rivian,https://rivian.com/en-CA/legal/entities,Company / official,"location, sector/profile, status",Primary,2026-09-30,
SRC-0208,OC-062,Rivian,https://www.sec.gov/Archives/edgar/data/1874178/000187417826000008/rivn-20251231.htm,Company / official or regulatory/press source,Event enrichment,Primary,2026-09-30,
SRC-0209,OC-062,Rivian,https://www.sec.gov/Archives/edgar/data/1874178/000110465926102435/tm2624125d1_8k.htm,Government / regulator,"location, sector/profile, status",Secondary,2026-09-30,
SRC-0210,OC-063,RossMerica Industries LLC,https://www.linkedin.com/company/rossmerica-industries,LinkedIn / company profile,"location, sector/profile, status, founded, employee size",Primary,2026-09-30,
SRC-0211,OC-064,Ryvid,https://ryvid.com/,Company / official,"location, sector/profile, status",Primary,2026-09-30,
SRC-0212,OC-064,Ryvid,https://vpic.nhtsa.dot.gov/decoder/Manufacturer/Details/?IsExport=True&id=21746,Government / regulator,"location, sector/profile, status",Secondary,2026-09-30,
SRC-0213,OC-064,Ryvid,https://www.linkedin.com/company/ryvid,Secondary / company profile,11-50 employees; private; Orange County HQ; founded-year conflict reference,Secondary,2026-10-01,
SRC-0214,OC-064,Ryvid,https://ryvid.com/blogs/stories/outset-shipping-a-message-from-ryvids-ceo,Company / official,Dong Tran founder & CEO; OUTSET product,Primary,2026-10-01,
SRC-0215,OC-064,Ryvid,https://ryvid.com/pages/frequently-asked-questions,Company / official,Fountain Valley production facility / customer pickup,Primary,2026-10-01,
SRC-0216,OC-065,Sapphire Technologies,https://www.sapphiretechnologies.com/,Company / official,"location, sector/profile, status",Primary,2026-09-30,
SRC-0217,OC-065,Sapphire Technologies,https://www.sapphiretechnologies.com/news/sapphire-technologies-secures-18-million-series-c-to-accelerate-growth-including-investment-from-mitsubishi-heavy-industries,Company / official or regulatory/press source,Capital enrichment,Primary,2026-09-30,
SRC-0218,OC-065,Sapphire Technologies,https://www.sapphiretechnologies.com/leadership/freddie-sarhan,Company / official,CEO,Primary,2026-09-30,
SRC-0219,OC-065,Sapphire Technologies,https://www.sapphiretechnologies.com/contact-us,Company / official,Cypress address,Primary,2026-09-30,
SRC-0220,OC-066,Scientific Applications & Research Associates (SARA),https://sara.com/,Company / official,"location, sector/profile, status",Primary,2026-09-30,
SRC-0221,OC-066,Scientific Applications & Research Associates (SARA),https://sara.com/about-us/,Company / official,founded year; Cypress address; capabilities,Primary,2026-09-30,
SRC-0222,OC-066,Scientific Applications & Research Associates (SARA),https://www.sbir.gov/portfolio/299685,Government / regulator,employee count; SBIR/STTR award history and total,Primary,2026-09-30,
SRC-0223,OC-066,Scientific Applications & Research Associates (SARA),https://www.linkedin.com/company/sarainc,LinkedIn / company profile,employee band; ownership,Secondary,2026-09-30,
SRC-0224,OC-067,Senra Systems,https://www.senrasystems.us/media/factory-2,Company / official,"location, sector/profile, status",Primary,2026-09-30,
SRC-0225,OC-067,Senra Systems,https://www.senrasystems.us/jordan-black,Company / official or regulatory/press source,Leadership enrichment,Primary,2026-09-30,
SRC-0226,OC-067,Senra Systems,https://www.senrasystems.us/media/announcing-our-series-b,Company / official or regulatory/press source,Capital enrichment,Primary,2026-09-30,
SRC-0227,OC-067,Senra Systems,https://www.latimes.com/b2b/industry-lists/top-aerospace-defense-companies/senra-systems,Secondary / press,employee count; Cypress manufacturing growth; company profile,Primary,2026-09-30,
SRC-0228,OC-067,Senra Systems,https://www.senrasystems.us/services,Company / official,"location, sector/profile, status",Secondary,2026-09-30,
SRC-0229,OC-068,Soaring Aerospace,https://soaringaerospace.com/company/,Company / official,"location, sector/profile, status, founded, employee size",Primary,2026-09-30,
SRC-0230,OC-068,Soaring Aerospace,https://www.linkedin.com/company/soaring-aerospace,LinkedIn / company profile,"location, sector/profile, status, founded, employee size",Secondary,2026-09-30,
SRC-0231,OC-069,Solid Energies,https://www.solidenergies.com/,Company / official,"location, sector/profile, status",Primary,2026-09-30,
SRC-0232,OC-069,Solid Energies,https://www.solidenergies.com/about-us,Company / official or regulatory/press source,Capital enrichment,Primary,2026-09-30,
SRC-0233,OC-070,Spacedock,https://www.linkedin.com/company/spacedock,LinkedIn / company profile,"location, sector/profile, status, founded",Primary,2026-09-30,
SRC-0234,OC-070,Spacedock,https://www.spacedock.co/,Company / official,"location, sector/profile, status, founded",Secondary,2026-09-30,
SRC-0235,OC-070,Spacedock,https://www.spacedock.co/post/spacedock-interfaces-to-link-space-robotics-workers-s-smart-truss-for-modular-in-space-assembly,Company / official,"location, sector/profile, status, founded",Secondary,2026-09-30,
SRC-0236,OC-071,SQUID3 Space,https://www.squid3.space/,Company / official,"location, sector/profile, status, founded",Primary,2026-09-30,
SRC-0237,OC-071,SQUID3 Space,https://www.squid3.space/company,Company / official or regulatory/press source,Leadership enrichment,Primary,2026-09-30,
SRC-0238,OC-072,Strawberry Robotics,https://strawberryrobotics.com/about-us/,Company / official,"location, sector/profile, status, founded, employee size",Primary,2026-09-30,
SRC-0239,OC-072,Strawberry Robotics,https://www.bizprofile.net/ca/costa-mesa/strawberry-robotics-inc,Government-registry-derived secondary,2025 filing; active status; Costa Mesa address; CEO,Primary,2026-09-30,
SRC-0240,OC-073,Supernal,https://www.supernal.aero/newsroom/supernal-appoints-new-cto-to-lead-next-phase-of-aam-evolution/,Company / official,"location, sector/profile, status, founded, employee size",Primary,2026-09-30,
SRC-0241,OC-073,Supernal,https://www.ipc.org/member-directory/774021/company-details,Secondary / directory / press,"location, sector/profile, status, founded, employee size",Secondary,2026-09-30,
SRC-0242,OC-074,Symbolic Displays,https://www.symbolicdisplays.com/about,Company / official,"location, sector/profile, status, founded, employee size",Primary,2026-09-30,
SRC-0243,OC-074,Symbolic Displays,https://www.symbolicdisplays.com/,Company / official,"location, sector/profile, status, founded, employee size",Secondary,2026-09-30,
SRC-0244,OC-075,Syndicus USA / Syndicus Aerospace,https://www.linkedin.com/company/syndicus-usa,LinkedIn / company profile,"location, sector/profile, status, founded, employee size",Primary,2026-09-30,
SRC-0245,OC-076,Syntiant,https://www.syntiant.com/company/about-us/,Company / official,"location, sector/profile, status",Primary,2026-09-30,
SRC-0246,OC-076,Syntiant,https://www.syntiant.com/press-release/syntiant-appoints-adam-spice-and-david-lam-to-board-of-directors/,Company / official or regulatory/press source,Leadership enrichment,Primary,2026-09-30,
SRC-0247,OC-076,Syntiant,https://www.syntiant.com/news/ai-chip-company-syntiant-raises-55-million-to-accelerate-growth,Company / official or regulatory/press source,Capital enrichment,Primary,2026-09-30,
SRC-0248,OC-076,Syntiant,https://www.sec.gov/Archives/edgar/data/1718728/000119312526296426/ck0001718728-20260706.htm,Company / official or regulatory/press source,Event enrichment,Primary,2026-09-30,
SRC-0249,OC-077,Terran Orbital,https://terranorbital.com/terran-orbital-names-jamin-brown-chief-operating-officer/,Company / official,"location, sector/profile, status",Primary,2026-09-30,
SRC-0250,OC-077,Terran Orbital,https://terranorbital.com/category/news/,Company / official or regulatory/press source,Leadership enrichment,Primary,2026-09-30,
SRC-0251,OC-077,Terran Orbital,https://investors.lockheedmartin.com/news-releases/news-release-details/lockheed-martin-acquire-terran-orbital,Company / official or regulatory/press source,Event enrichment,Primary,2026-09-30,
SRC-0252,OC-077,Terran Orbital,https://terranorbital.com/who-we-are/,Company / official,"location, sector/profile, status",Secondary,2026-09-30,
SRC-0253,OC-078,Therabot,https://therabot.com/pages/about-us,Company / official,"location, sector/profile, status",Primary,2026-09-30,
SRC-0254,OC-078,Therabot,https://www.linkedin.com/in/aaronaders,Secondary / founder profile,founder association; Los Angeles location signal,Secondary,2026-10-01,
SRC-0255,OC-079,TOMI Engineering,https://tomiengineering.com/,Company / official,"location, sector/profile, status, founded",Primary,2026-09-30,
SRC-0256,OC-080,TRL11,https://www.trl11.com/,Company / official,"location, sector/profile, status",Primary,2026-09-30,
SRC-0257,OC-080,TRL11,https://www.trl11.com/about,Company / official or regulatory/press source,Leadership enrichment,Primary,2026-09-30,
SRC-0258,OC-080,TRL11,https://www.linkedin.com/company/trl11,LinkedIn / company profile,2022 founding; employee band; private status,Secondary,2026-09-30,
SRC-0259,OC-080,TRL11,https://www.bizprofile.net/ca/irvine/trl11-inc,Government-registry-derived secondary,active status; Irvine street address; CEO,Secondary,2026-09-30,
SRC-0260,OC-081,TS Conductor,https://www.linkedin.com/company/ts-conductor,LinkedIn / company profile,"location, sector/profile, status, employee size",Primary,2026-09-30,
SRC-0261,OC-081,TS Conductor,https://tsconductor.com/,Company / official or regulatory/press source,Leadership enrichment,Primary,2026-09-30,
SRC-0262,OC-081,TS Conductor,https://www.prweb.com/releases/ts-conductor-raises-60-million-from-industry-leading-investors-to-expand-us-production-of-high-capacity-power-lines-302207238.html,Company / official or regulatory/press source,Capital enrichment,Primary,2026-09-30,
SRC-0263,OC-082,Turion Space,https://www.turionspace.com/about,Company / official,"location, sector/profile, status, founded, employee size",Primary,2026-09-30,
SRC-0264,OC-082,Turion Space,https://www.turionspace.com/news/turion-raises-75-million-series-b-to-accelerate-u-s-space-superiority,Company / official or regulatory/press source,Capital enrichment,Primary,2026-09-30,
SRC-0265,OC-082,Turion Space,https://www.sbir.gov/portfolio/1833997,Government / regulator,employee count; Irvine address; SBIR/STTR award history,Primary,2026-09-30,
SRC-0266,OC-082,Turion Space,https://www.linkedin.com/company/turion-space,LinkedIn / company profile,private ownership; company size; Irvine HQ,Secondary,2026-09-30,
SRC-0267,OC-083,VinMotion,https://vinmotion.net/,Company / official,"location, sector/profile, status",Primary,2026-09-30,
SRC-0268,OC-083,VinMotion,https://www.linkedin.com/company/vinmotion,Secondary / company profile,201-500 employees; public company; Los Angeles profile location; hiring and humanoid systems,Secondary,2026-10-01,
SRC-0269,OC-083,VinMotion,https://www.linkedin.com/posts/vinmotion_humanoidrobot-locomotion-manipulation-activity-7438026053769646080-YLoU,Company / social,"2026 U.S. R&D expansion described as Cypress, CA; U.S. hiring",Secondary,2026-10-01,
SRC-0270,OC-084,Virgin Galactic,https://vgcareers.virgingalactic.com/global/en/location-info-orange-county,Company / official,"location, sector/profile, status",Primary,2026-09-30,
SRC-0271,OC-084,Virgin Galactic,https://www.virgingalactic.com/news/virgin-galactic-announces-second-quarter-2026-financial-results-and-provides-business-update,Company / official or regulatory/press source,Leadership enrichment,Primary,2026-09-30,
SRC-0272,OC-085,Volund Manufacturing,https://www.volundmfg.com/,Company / official,"location, sector/profile, status, founded, employee size",Primary,2026-09-30,
SRC-0273,OC-085,Volund Manufacturing,https://newsroom.squadra.vc/volund-manufacturing-secures-12m-in-seed-financing-to-build-mil-spec-propulsion-systems-automated-manufacturing-capabilities/,Company / official or regulatory/press source,Capital enrichment,Primary,2026-09-30,
SRC-0274,OC-085,Volund Manufacturing,https://www.linkedin.com/company/volund-manufacturing,LinkedIn / company profile,"location, sector/profile, status, founded, employee size",Secondary,2026-09-30,
SRC-0275,OC-086,West Coast Solutions,https://wecoso.com/,Company / official,"location, sector/profile, status, founded, employee size",Primary,2026-09-30,
SRC-0276,OC-086,West Coast Solutions,https://www.linkedin.com/company/west-coast-solutions,LinkedIn / company profile,"location, sector/profile, status, founded, employee size",Secondary,2026-09-30,
SRC-0277,OC-087,Xcelerium,https://www.linkedin.com/company/xcelerium,LinkedIn / company profile,"location, sector/profile, status, founded, employee size",Primary,2026-09-30,
SRC-0278,OC-088,Chore Robotics,https://www.chorerobots.ai/about,Company / official,"identity, products, capabilities",Primary,2026-09-30,
SRC-0279,OC-088,Chore Robotics,https://robotics.eng.uci.edu/news,University / ecosystem,"Irvine location, physical-AI startup status",Secondary,2026-09-30,
SRC-0280,OC-089,Archytas Automation,https://www.linkedin.com/company/archytas-automation/,Secondary / company profile,"Irvine location, founded, employee band, automation capabilities",Primary,2026-09-30,
SRC-0281,OC-089,Archytas Automation,https://ocstartupcouncil.org/hardware-startups,Ecosystem directory,OC startup discovery and hardware category,Secondary,2026-09-30,
SRC-0282,OC-090,Tellus Power,https://www.telluspowergroup.com/,Company / official,"products, Irvine address, current operations",Primary,2026-09-30,
SRC-0283,OC-090,Tellus Power,https://www.globenewswire.com/news-release/2026/08/04/3338348/0/en/tellus-power-expands-u-s-headquarters-and-manufacturing-operations-to-support-commercial-scale-deployment.html,Company press release,"30,000 sq ft Irvine manufacturing expansion",Secondary,2026-09-30,
SRC-0284,OC-091,indie Semiconductor,https://www.sec.gov/Archives/edgar/data/1841925/000119312526082535/indi-20251231.htm,Regulatory filing,"headquarters, business, current status",Primary,2026-09-30,
SRC-0285,OC-091,indie Semiconductor,https://www.indie.inc/directors-team/donald-mcclymont/,Company / official,CEO,Primary,2026-09-30,
SRC-0286,OC-091,indie Semiconductor,https://www.indie.inc/,Company / official,products and technology,Secondary,2026-09-30,
SRC-0287,OC-091,indie Semiconductor,https://www.reveliolabs.com/companies/indie-semiconductor/employees,Workforce intelligence,employee estimate; founded year; hiring trend,Secondary,2026-09-30,
SRC-0288,OC-092,Thomas Global Systems,https://thomas-global.com/contact/,Company / official,"Irvine location, business scope",Primary,2026-09-30,
SRC-0289,OC-092,Thomas Global Systems,https://thomas-global.com/irvine-expansion-70th-anniversary,Company / official,2026 Irvine manufacturing expansion,Secondary,2026-09-30,
SRC-0290,OC-093,Marvin Test Solutions,https://www.marvintest.com/Company/Contact.aspx,Company / official,"Irvine HQ, business scope",Primary,2026-09-30,
SRC-0291,OC-093,Marvin Test Solutions,https://www.marvintest.com/CompanyProfile/Leadership,Company / official,CEO,Primary,2026-09-30,
SRC-0292,OC-093,Marvin Test Solutions,https://www.marvintest.com/LetterFromCEO.aspx,Company / official,founded/operating since 1988; vertically integrated manufacturing,Primary,2026-09-30,
SRC-0293,OC-093,Marvin Test Solutions,https://www.marvintest.com/,Company / official,"products, manufacturing/test capabilities, founded",Secondary,2026-09-30,
SRC-0294,OC-093,Marvin Test Solutions,https://www.microwavejournal.com/articles/42546-executive-interview-steve-sargeant-ceo-marvin-test-solutions,Industry interview,125+ employees; Irvine footprint,Secondary,2026-09-30,
SRC-0295,OC-094,Intellian Technologies,https://intelliantech.com/en/news/newsroom/intellian-opens-new-california-manufacturing-campus-to-fuel-global-ngso-satellite-boom,Company / official,2026 manufacturing campus expansion,Primary,2026-09-30,
SRC-0296,OC-094,Intellian Technologies,https://intelliantech.com/en/contact-us,Company / official,Irvine operating address,Secondary,2026-09-30,
SRC-0297,OC-095,eControls,https://www.econtrolsusa.com/,Company / official,"Laguna Hills location, products, manufacturing",Primary,2026-09-30,
SRC-0298,OC-095,eControls,https://ocstartupcouncil.org/energy-startups,Ecosystem directory,OC startup / energy-hardware discovery,Secondary,2026-09-30,
SRC-0299,OC-096,Creabot,https://ocstartupcouncil.org/oc-startups-news/new-ocsc-startup-company-member-creabot,Ecosystem directory,"OC company discovery, robotics products",Primary,2026-09-30,
SRC-0300,OC-096,Creabot,https://www.f6s.com/company/creabot,Startup directory,"Santa Ana location, founded year",Secondary,2026-09-30,Secondary source; exact street address not verified.
SRC-0301,OC-096,Creabot,https://creabot.us/about,Company / official,robotics-education mission; component testing; kit development,Primary,2026-10-01,
SRC-0302,OC-097,TTM Technologies,https://www.ttm.com/en/about-ttm/global-locations,Company / official,Santa Ana global HQ,Primary,2026-09-30,
SRC-0303,OC-097,TTM Technologies,https://investors.ttm.com/company-information,Company / regulatory-facing,"business profile, manufacturing capabilities, HQ",Secondary,2026-09-30,
SRC-0304,OC-098,Ducommun,https://www.ducommun.com/dco/CorpcontactUs.aspx,Company / official,Costa Mesa headquarters,Primary,2026-09-30,
SRC-0305,OC-098,Ducommun,https://www.sec.gov/Archives/edgar/data/30305/000162828026032536/dco-20251231.htm,Company / official or regulatory/press source,Event enrichment,Primary,2026-09-30,
SRC-0306,OC-098,Ducommun,https://investors.ducommun.com/,Company / investor relations,1849 founding; public-company profile,Primary,2026-09-30,
SRC-0307,OC-098,Ducommun,https://investors.ducommun.com/sec-filings/sec-filing/10-k/0001628280-26-011952,Regulatory filing,2025 annual report; Costa Mesa HQ,Primary,2026-09-30,
SRC-0308,OC-098,Ducommun,https://www.ducommun.com/dco/facilitiescontact.aspx,Company / official,Orange manufacturing facility and capabilities,Secondary,2026-09-30,
SRC-0309,OC-099,Lantronix,https://www.sec.gov/Archives/edgar/data/1114925/000168316826006754/lantronix_i10k-063026.htm,Regulatory filing,"Irvine HQ, R&D/operations, current status",Primary,2026-09-30,
SRC-0310,OC-100,BodyEnergy Technology,https://bodyenergytechnology.com/about,Company / official,"Irvine location, products, origin",Primary,2026-09-30,
SRC-0311,OC-100,BodyEnergy Technology,https://www.linkedin.com/company/bodyenergy-technology,Secondary / company profile,"founded year, employee band, Irvine location",Secondary,2026-09-30,
